INSERT INTO `products` (`id`, `name`, `category`) VALUES ('08942e0f-1daa-4c42-9ab5-59ceeda2d62c', 'leffe', '1');
INSERT INTO `products` (`id`, `name`, `category`) VALUES ('980ca4ae-d928-47ba-aecd-a269c7c0510b', 'coca', '2');
INSERT INTO `products` (`id`, `name`, `category`) VALUES ('71f9a812-6680-4288-9b95-ac4f5e8c4e5d', 'chips', '0');
INSERT INTO `products` (`id`, `name`, `category`) VALUES ('eaa40420-861d-4876-91ac-c2a7f8e50f99', 'jupiler', '1');
INSERT INTO `products` (`id`, `name`, `category`, `deleted_at`) VALUES ('c77d09a7-0a93-4ed1-8028-49d8e88659d7', 'eau', '2', '2020-01-01 00:00:00');

INSERT INTO `events` (`id`, `name`, `startdate`, `enddate`, `location`, `description`, `seller_password`, `created_at`) VALUES ('f25c672f-5d36-4d1e-970b-223f3259884d', 'Evenement 1', '2022-08-06', '2022-08-06', 'ici', 'premier event', 'Test123*', '2022-08-07 15:02:23');
INSERT INTO `events` (`id`, `name`, `startdate`, `enddate`, `location`, `description`, `seller_password`, `created_at`) VALUES ('18936755-3748-48f2-9246-1a75297e885c', 'Evenement 2', '2022-08-06', '2022-08-06', 'ici', 'deuxième event', 'Test123*', '2022-08-07 15:02:23');
INSERT INTO `events` (`id`, `name`, `startdate`, `enddate`, `location`, `description`, `seller_password`, `created_at`) VALUES ('6d708007-5058-4ab4-8f2d-23acfdd1891c', 'Evenement 3', '2022-08-06', '2022-08-06', 'ici', 'troisième event', 'Test123*', '2022-08-07 15:02:23');
INSERT INTO `events` (`id`, `name`, `startdate`, `enddate`, `location`, `description`, `seller_password`, `created_at`) VALUES ('b24040d2-6511-4767-bfd9-dc60ab562bbc', 'Evenement 4', '2022-08-06', '2022-08-06', 'ici', 'quatrième event', 'Test123*', '2022-08-07 15:02:23');
INSERT INTO `events` (`id`, `name`, `startdate`, `enddate`, `location`, `description`, `seller_password`, `created_at`) VALUES ('e0433805-0763-4765-bcb2-03210b111ad2', 'Evenement 5', '2022-08-06', '2022-08-06', 'ici', 'cinquième event', 'Test123*', '2022-08-07 15:02:23');

INSERT INTO `events_products` (`id`, `event_id`, `product_id`, `stock`, `buyingprice`, `sellingprice`) VALUES ('8967b2b6-5426-4960-a4b7-2b2de0c526ae', 'f25c672f-5d36-4d1e-970b-223f3259884d', '08942e0f-1daa-4c42-9ab5-59ceeda2d62c', '100', 1.5, 2.5);
INSERT INTO `events_products` (`id`, `event_id`, `product_id`, `stock`, `buyingprice`, `sellingprice`) VALUES ('9f25b74b-d263-4b58-9f8a-3c7295266a30', 'f25c672f-5d36-4d1e-970b-223f3259884d', '71f9a812-6680-4288-9b95-ac4f5e8c4e5d', '300', 1.5, 2.5);
INSERT INTO `events_products` (`id`, `event_id`, `product_id`, `stock`, `buyingprice`, `sellingprice`) VALUES ('af102a5b-2bde-4aa3-8ba4-06bfafbe1658', 'f25c672f-5d36-4d1e-970b-223f3259884d', '980ca4ae-d928-47ba-aecd-a269c7c0510b', '200', 1.5, 2.5);
INSERT INTO `events_products` (`id`, `event_id`, `product_id`, `stock`, `buyingprice`, `sellingprice`) VALUES ('e866a700-c5bb-44cd-8b77-69b54d2a1914', 'f25c672f-5d36-4d1e-970b-223f3259884d', 'eaa40420-861d-4876-91ac-c2a7f8e50f99', '400', 1.5, 2.5);
INSERT INTO `events_products` (`id`, `event_id`, `product_id`, `stock`, `buyingprice`, `sellingprice`) VALUES ('059269a0-4b73-40a2-bf35-35a1662c9d9d', 'f25c672f-5d36-4d1e-970b-223f3259884d', 'c77d09a7-0a93-4ed1-8028-49d8e88659d7', '500', 1.5, 2.5);
INSERT INTO `events_products` (`id`, `event_id`, `product_id`, `stock`, `buyingprice`, `sellingprice`) VALUES ('e8b7d3ec-5f12-43d0-89fa-17917e98ad01', '18936755-3748-48f2-9246-1a75297e885c', '08942e0f-1daa-4c42-9ab5-59ceeda2d62c', '600', 1.5, 2.5);
INSERT INTO `events_products` (`id`, `event_id`, `product_id`, `stock`, `buyingprice`, `sellingprice`) VALUES ('e356cece-992f-481c-a4cb-675d00dde5a1', '18936755-3748-48f2-9246-1a75297e885c', '980ca4ae-d928-47ba-aecd-a269c7c0510b', '700', 1.5, 2.5);
INSERT INTO `events_products` (`id`, `event_id`, `product_id`, `stock`, `buyingprice`, `sellingprice`) VALUES ('034f80ed-48fb-4a70-93b6-39cb86ab5f5a', '18936755-3748-48f2-9246-1a75297e885c', '71f9a812-6680-4288-9b95-ac4f5e8c4e5d', '800', 1.5, 2.5);
INSERT INTO `events_products` (`id`, `event_id`, `product_id`, `stock`, `buyingprice`, `sellingprice`) VALUES ('2f30545c-9b3a-40c2-8140-971a2742fb9f', '18936755-3748-48f2-9246-1a75297e885c', 'eaa40420-861d-4876-91ac-c2a7f8e50f99', '900', 1.5, 2.5);
INSERT INTO `events_products` (`id`, `event_id`, `product_id`, `stock`, `buyingprice`, `sellingprice`) VALUES ('dc442e86-da4a-4ed6-8aee-d161f01e9842', '18936755-3748-48f2-9246-1a75297e885c', 'c77d09a7-0a93-4ed1-8028-49d8e88659d7', '1000', 1.5, 2.5);
INSERT INTO `events_products` (`id`, `event_id`, `product_id`, `stock`, `buyingprice`, `sellingprice`) VALUES ('58b46c85-09bf-4351-8981-ce3f162c04c3', '6d708007-5058-4ab4-8f2d-23acfdd1891c', '08942e0f-1daa-4c42-9ab5-59ceeda2d62c', '100', 1.5, 2.5);
INSERT INTO `events_products` (`id`, `event_id`, `product_id`, `stock`, `buyingprice`, `sellingprice`) VALUES ('67578983-7f5d-428e-bd42-3182f0ba650e', '6d708007-5058-4ab4-8f2d-23acfdd1891c', '980ca4ae-d928-47ba-aecd-a269c7c0510b', '200', 1.5, 2.5);
INSERT INTO `events_products` (`id`, `event_id`, `product_id`, `stock`, `buyingprice`, `sellingprice`) VALUES ('112609fd-bfbe-472b-af8e-aaa72d99eb9c', '6d708007-5058-4ab4-8f2d-23acfdd1891c', '71f9a812-6680-4288-9b95-ac4f5e8c4e5d', '300', 1.5, 2.5);
INSERT INTO `events_products` (`id`, `event_id`, `product_id`, `stock`, `buyingprice`, `sellingprice`) VALUES ('ae76f800-c65a-494f-93a4-380b874fbda3', '6d708007-5058-4ab4-8f2d-23acfdd1891c', 'eaa40420-861d-4876-91ac-c2a7f8e50f99', '400', 1.5, 2.5);
INSERT INTO `events_products` (`id`, `event_id`, `product_id`, `stock`, `buyingprice`, `sellingprice`) VALUES ('e383b338-90bc-41b1-9778-67de72b77bad', '6d708007-5058-4ab4-8f2d-23acfdd1891c', 'c77d09a7-0a93-4ed1-8028-49d8e88659d7', '500', 1.5, 2.5);
INSERT INTO `events_products` (`id`, `event_id`, `product_id`, `stock`, `buyingprice`, `sellingprice`) VALUES ('cb616619-f2f1-4e14-9b83-46d5287b4bdd', 'b24040d2-6511-4767-bfd9-dc60ab562bbc', '08942e0f-1daa-4c42-9ab5-59ceeda2d62c', '600', 1.5, 2.5);
INSERT INTO `events_products` (`id`, `event_id`, `product_id`, `stock`, `buyingprice`, `sellingprice`) VALUES ('fea7ebd3-b172-40bc-aee9-e05c0b572fd8', 'b24040d2-6511-4767-bfd9-dc60ab562bbc', '980ca4ae-d928-47ba-aecd-a269c7c0510b', '700', 1.5, 2.5);
INSERT INTO `events_products` (`id`, `event_id`, `product_id`, `stock`, `buyingprice`, `sellingprice`) VALUES ('16de1a9f-d3d1-45f0-9088-77ce41948145', 'b24040d2-6511-4767-bfd9-dc60ab562bbc', '71f9a812-6680-4288-9b95-ac4f5e8c4e5d', '800', 1.5, 2.5);
INSERT INTO `events_products` (`id`, `event_id`, `product_id`, `stock`, `buyingprice`, `sellingprice`) VALUES ('812de318-8507-4718-b5ca-34fd4b40ada9', 'b24040d2-6511-4767-bfd9-dc60ab562bbc', 'eaa40420-861d-4876-91ac-c2a7f8e50f99', '900', 1.5, 2.5);
INSERT INTO `events_products` (`id`, `event_id`, `product_id`, `stock`, `buyingprice`, `sellingprice`) VALUES ('d7241bb7-2d85-4a21-af4e-bb9ac154f121', 'b24040d2-6511-4767-bfd9-dc60ab562bbc', 'c77d09a7-0a93-4ed1-8028-49d8e88659d7', '100', 1.5, 2.5);
INSERT INTO `events_products` (`id`, `event_id`, `product_id`, `stock`, `buyingprice`, `sellingprice`) VALUES ('69be0726-9160-4fdd-9e3f-25bb06ac26da', 'e0433805-0763-4765-bcb2-03210b111ad2', '08942e0f-1daa-4c42-9ab5-59ceeda2d62c', '200', 1.5, 2.5);
INSERT INTO `events_products` (`id`, `event_id`, `product_id`, `stock`, `buyingprice`, `sellingprice`) VALUES ('5562e0b0-19ab-49b8-be05-555563a4b83f', 'e0433805-0763-4765-bcb2-03210b111ad2', '980ca4ae-d928-47ba-aecd-a269c7c0510b', '300', 1.5, 2.5);
INSERT INTO `events_products` (`id`, `event_id`, `product_id`, `stock`, `buyingprice`, `sellingprice`) VALUES ('7df73306-bf78-49ec-8902-b8d762e414f9', 'e0433805-0763-4765-bcb2-03210b111ad2', '71f9a812-6680-4288-9b95-ac4f5e8c4e5d', '400', 1.5, 2.5);
INSERT INTO `events_products` (`id`, `event_id`, `product_id`, `stock`, `buyingprice`, `sellingprice`) VALUES ('05261191-46bc-4fb6-9f1c-cd139c63363b', 'e0433805-0763-4765-bcb2-03210b111ad2', 'eaa40420-861d-4876-91ac-c2a7f8e50f99', '500', 1.5, 2.5);
INSERT INTO `events_products` (`id`, `event_id`, `product_id`, `stock`, `buyingprice`, `sellingprice`) VALUES ('5eb3cb7d-2344-4f03-bc2d-f4c4d7e27f7f', 'e0433805-0763-4765-bcb2-03210b111ad2', 'c77d09a7-0a93-4ed1-8028-49d8e88659d7', '600', 1.5, 2.5);

INSERT INTO `users` (`id`, `emailaddress`, `firstname`, `lastname`, `password`) VALUES ('bc31b102-1d30-407c-949a-435ad895a512', 'test@test.lan', 'test', 'test', 'Test123*');
INSERT INTO `users` (`id`, `emailaddress`, `firstname`, `lastname`, `password`) VALUES ('738c308c-1595-4df8-b303-5bbdc07c0da6', 'jean@jean.lan', 'jean', 'jean', 'Test123*');
INSERT INTO `users` (`id`, `emailaddress`, `firstname`, `lastname`, `password`) VALUES ('e05c3e11-ca54-4f66-9a38-9e7204142c85', 'louis@louis.lan', 'louis', 'louis', 'Test123*');
INSERT INTO `users` (`id`, `emailaddress`, `firstname`, `lastname`, `password`) VALUES ('9bb0dd2c-eaa5-463e-81b7-3641e64d8e61', 'aucun@test.lan', 'aucun', 'test', 'Test123*');
INSERT INTO `users` (`id`, `emailaddress`, `firstname`, `lastname`, `password`) VALUES ('c308eb69-42c7-4392-b52c-181fa471f1af', 'personne@test.lan', 'personne', 'test', 'Test123*');

INSERT INTO `users_events` (`id`, `user_id`,`event_id`, `role`) VALUES ('e85f7e70-e54e-4a0e-8334-0d584e7dcf25', 'bc31b102-1d30-407c-949a-435ad895a512', 'f25c672f-5d36-4d1e-970b-223f3259884d', '0');
INSERT INTO `users_events` (`id`, `user_id`,`event_id`, `role`) VALUES ('884694b1-4cf4-441c-95d9-017be3c5bc94', 'bc31b102-1d30-407c-949a-435ad895a512', '18936755-3748-48f2-9246-1a75297e885c', '0');
INSERT INTO `users_events` (`id`, `user_id`,`event_id`, `role`) VALUES ('7c88b5e6-10f8-46d1-9658-120d1a7d2722', 'bc31b102-1d30-407c-949a-435ad895a512', '6d708007-5058-4ab4-8f2d-23acfdd1891c', '0');
INSERT INTO `users_events` (`id`, `user_id`,`event_id`, `role`) VALUES ('657ebfb9-27e6-4871-8ec4-73f012f864e8', 'bc31b102-1d30-407c-949a-435ad895a512', 'b24040d2-6511-4767-bfd9-dc60ab562bbc', '1');
INSERT INTO `users_events` (`id`, `user_id`,`event_id`, `role`) VALUES ('62836df5-881d-45e8-9110-31acc1cd2ca9', 'bc31b102-1d30-407c-949a-435ad895a512', 'e0433805-0763-4765-bcb2-03210b111ad2', '2');
INSERT INTO `users_events` (`id`, `user_id`,`event_id`, `role`) VALUES ('7beac58f-b888-412c-ba2e-86f5a816ab4a', '738c308c-1595-4df8-b303-5bbdc07c0da6', 'f25c672f-5d36-4d1e-970b-223f3259884d', '2');
INSERT INTO `users_events` (`id`, `user_id`,`event_id`, `role`) VALUES ('bc0a9eac-be3f-4167-b399-5570c1b47031', '738c308c-1595-4df8-b303-5bbdc07c0da6', '18936755-3748-48f2-9246-1a75297e885c', '0');
INSERT INTO `users_events` (`id`, `user_id`,`event_id`, `role`) VALUES ('fa1df38f-a22e-4be1-9583-393ef8da610d', '738c308c-1595-4df8-b303-5bbdc07c0da6', '6d708007-5058-4ab4-8f2d-23acfdd1891c', '0');
INSERT INTO `users_events` (`id`, `user_id`,`event_id`, `role`) VALUES ('c360711e-4c1b-439a-adf0-f9c5ce374a91', '738c308c-1595-4df8-b303-5bbdc07c0da6', 'b24040d2-6511-4767-bfd9-dc60ab562bbc', '0');
INSERT INTO `users_events` (`id`, `user_id`,`event_id`, `role`) VALUES ('0c73c192-598e-40bc-8fe6-99cb83665d34', '738c308c-1595-4df8-b303-5bbdc07c0da6', 'e0433805-0763-4765-bcb2-03210b111ad2', '1');
INSERT INTO `users_events` (`id`, `user_id`,`event_id`, `role`) VALUES ('f9819ba8-45d4-4c7a-bb97-f8e9d2a9effa', 'e05c3e11-ca54-4f66-9a38-9e7204142c85', 'f25c672f-5d36-4d1e-970b-223f3259884d', '1');
INSERT INTO `users_events` (`id`, `user_id`,`event_id`, `role`) VALUES ('0fcc9a66-c329-4ee4-9a8e-dc514df745a5', 'e05c3e11-ca54-4f66-9a38-9e7204142c85', '18936755-3748-48f2-9246-1a75297e885c', '2');
INSERT INTO `users_events` (`id`, `user_id`,`event_id`, `role`) VALUES ('a2cc2f73-fc85-42be-94d2-1de55e5fc7d3', 'e05c3e11-ca54-4f66-9a38-9e7204142c85', '6d708007-5058-4ab4-8f2d-23acfdd1891c', '0');
INSERT INTO `users_events` (`id`, `user_id`,`event_id`, `role`) VALUES ('d767cad8-5617-4e79-9368-da7fcba20637', 'e05c3e11-ca54-4f66-9a38-9e7204142c85', 'b24040d2-6511-4767-bfd9-dc60ab562bbc', '0');
INSERT INTO `users_events` (`id`, `user_id`,`event_id`, `role`) VALUES ('000209f5-a621-4f74-9dab-cb5b9249b89d', 'e05c3e11-ca54-4f66-9a38-9e7204142c85', 'e0433805-0763-4765-bcb2-03210b111ad2', '0');
INSERT INTO `users_events` (`id`, `user_id`,`event_id`, `role`) VALUES ('2ec65a59-fcfc-4d92-9037-4e43f78a9a77', '9bb0dd2c-eaa5-463e-81b7-3641e64d8e61', 'f25c672f-5d36-4d1e-970b-223f3259884d', '0');
INSERT INTO `users_events` (`id`, `user_id`,`event_id`, `role`) VALUES ('49155f73-b207-4e8e-b4a4-08d34a061d6c', '9bb0dd2c-eaa5-463e-81b7-3641e64d8e61', '18936755-3748-48f2-9246-1a75297e885c', '1');
INSERT INTO `users_events` (`id`, `user_id`,`event_id`, `role`) VALUES ('3ec152f3-327c-4dcb-900e-0571c371a73d', '9bb0dd2c-eaa5-463e-81b7-3641e64d8e61', '6d708007-5058-4ab4-8f2d-23acfdd1891c', '2');
INSERT INTO `users_events` (`id`, `user_id`,`event_id`, `role`) VALUES ('ebe10adb-c550-48ef-bb06-dd35a9d5c77b', '9bb0dd2c-eaa5-463e-81b7-3641e64d8e61', 'b24040d2-6511-4767-bfd9-dc60ab562bbc', '0');
INSERT INTO `users_events` (`id`, `user_id`,`event_id`, `role`) VALUES ('78cf5dd9-6634-431a-87b5-639e7235ebc1', '9bb0dd2c-eaa5-463e-81b7-3641e64d8e61', 'e0433805-0763-4765-bcb2-03210b111ad2', '0');
INSERT INTO `users_events` (`id`, `user_id`,`event_id`, `role`) VALUES ('4af5b468-17aa-492a-8d93-1b49326f8aa9', 'c308eb69-42c7-4392-b52c-181fa471f1af', 'f25c672f-5d36-4d1e-970b-223f3259884d', '0');
INSERT INTO `users_events` (`id`, `user_id`,`event_id`, `role`) VALUES ('436e6cd1-642f-4067-be8a-16b0705e1c38', 'c308eb69-42c7-4392-b52c-181fa471f1af', '18936755-3748-48f2-9246-1a75297e885c', '0');
INSERT INTO `users_events` (`id`, `user_id`,`event_id`, `role`) VALUES ('cb8db302-074f-4b49-b84e-4bda2699e620', 'c308eb69-42c7-4392-b52c-181fa471f1af', '6d708007-5058-4ab4-8f2d-23acfdd1891c', '1');
INSERT INTO `users_events` (`id`, `user_id`,`event_id`, `role`) VALUES ('372ccd83-5a1f-4be7-b114-d192b7da9f16', 'c308eb69-42c7-4392-b52c-181fa471f1af', 'b24040d2-6511-4767-bfd9-dc60ab562bbc', '2');
INSERT INTO `users_events` (`id`, `user_id`,`event_id`, `role`) VALUES ('341c798f-551b-48a0-8aac-3b1cdf0efc2e', 'c308eb69-42c7-4392-b52c-181fa471f1af', 'e0433805-0763-4765-bcb2-03210b111ad2', '0');

INSERT INTO `commands` (`id`, `client_id`, `servedby_id`, `event_id`, `isserved`, `ispaid`, `created_at`) VALUES ('48704d22-2921-42e3-9634-0aaaa0175b65', 'bc31b102-1d30-407c-949a-435ad895a512', '738c308c-1595-4df8-b303-5bbdc07c0da6', 'f25c672f-5d36-4d1e-970b-223f3259884d', '0', '1', '2022-08-07 18:30:00');
INSERT INTO `commands` (`id`, `client_id`, `servedby_id`, `event_id`, `isserved`, `ispaid`, `created_at`) VALUES ('e79b47c9-51f3-4d18-84d3-40fe426bed56', 'e05c3e11-ca54-4f66-9a38-9e7204142c85', '738c308c-1595-4df8-b303-5bbdc07c0da6', '6d708007-5058-4ab4-8f2d-23acfdd1891c', '1', '1', '2022-08-07 18:30:00');
INSERT INTO `commands` (`id`, `client_id`, `servedby_id`, `event_id`, `isserved`, `ispaid`, `created_at`) VALUES ('a67cea1e-3299-46c7-89b4-d948ac4bc8a6', '9bb0dd2c-eaa5-463e-81b7-3641e64d8e61', '738c308c-1595-4df8-b303-5bbdc07c0da6', 'f25c672f-5d36-4d1e-970b-223f3259884d', '0', '1', '2022-08-07 18:30:00');
INSERT INTO `commands` (`id`, `client_id`, `servedby_id`, `event_id`, `isserved`, `ispaid`, `created_at`) VALUES ('f6950c89-485b-44c5-a8c5-c9d136ebbc07', '738c308c-1595-4df8-b303-5bbdc07c0da6', '9bb0dd2c-eaa5-463e-81b7-3641e64d8e61', 'e0433805-0763-4765-bcb2-03210b111ad2', '1', '0', '2022-08-07 18:30:00');
INSERT INTO `commands` (`id`, `client_id`, `servedby_id`, `event_id`, `isserved`, `ispaid`, `created_at`) VALUES ('d53715fd-7bda-4f81-8b30-0623f8fce859', 'c308eb69-42c7-4392-b52c-181fa471f1af', '738c308c-1595-4df8-b303-5bbdc07c0da6', '6d708007-5058-4ab4-8f2d-23acfdd1891c', '0', '0', '2022-08-07 18:30:00');

INSERT INTO `events_products_commands` (`id`, `command_id`, `event_product_id`, `number`) VALUES ('9f17ae25-c872-4c41-9c60-f554175ff860', '48704d22-2921-42e3-9634-0aaaa0175b65', '8967b2b6-5426-4960-a4b7-2b2de0c526ae', '2');
INSERT INTO `events_products_commands` (`id`, `command_id`, `event_product_id`, `number`) VALUES ('e2b17eb0-207f-450f-a51d-5a58b9bbae52', 'e79b47c9-51f3-4d18-84d3-40fe426bed56', 'af102a5b-2bde-4aa3-8ba4-06bfafbe1658', '1');
INSERT INTO `events_products_commands` (`id`, `command_id`, `event_product_id`, `number`) VALUES ('b4ae30b6-c591-4bed-9769-faf0b2cb19a7', 'a67cea1e-3299-46c7-89b4-d948ac4bc8a6', '059269a0-4b73-40a2-bf35-35a1662c9d9d', '15');
INSERT INTO `events_products_commands` (`id`, `command_id`, `event_product_id`, `number`) VALUES ('95bd6f55-c1d4-44f0-8eca-caba5bcfc0c7', 'a67cea1e-3299-46c7-89b4-d948ac4bc8a6', 'e356cece-992f-481c-a4cb-675d00dde5a1', '1');
INSERT INTO `events_products_commands` (`id`, `command_id`, `event_product_id`, `number`) VALUES ('faadfeb8-9428-496c-8d52-6d6ac7103ddf', 'f6950c89-485b-44c5-a8c5-c9d136ebbc07', '2f30545c-9b3a-40c2-8140-971a2742fb9f', '3');
INSERT INTO `events_products_commands` (`id`, `command_id`, `event_product_id`, `number`) VALUES ('4a1cf87c-f1cc-4fe2-8651-82a08a824871', 'd53715fd-7bda-4f81-8b30-0623f8fce859', '7df73306-bf78-49ec-8902-b8d762e414f9', '2');
INSERT INTO `events_products_commands` (`id`, `command_id`, `event_product_id`, `number`) VALUES ('d12199e1-1121-4781-84c0-d8bf1e2da5b3', 'd53715fd-7bda-4f81-8b30-0623f8fce859', '5eb3cb7d-2344-4f03-bc2d-f4c4d7e27f7f', '6');
