INSERT INTO `products` (`id`, `name`, `category`) VALUES ('0', 'leffe', '1');
INSERT INTO `products` (`id`, `name`, `category`) VALUES ('1', 'coca', '2');
INSERT INTO `products` (`id`, `name`, `category`) VALUES ('2', 'chips', '0');
INSERT INTO `products` (`id`, `name`, `category`) VALUES ('3', 'jupiler', '1');
INSERT INTO `products` (`id`, `name`, `category`, `deleted_at`) VALUES ('4', 'eau', '2', '2020-01-01 00:00:00');

INSERT INTO `events` (`id`, `startdate`, `enddate`, `location`, `description`, `created_at`) VALUES ('0', '2022-08-06', '2022-08-06', 'ici', 'premier event', '2022-08-07 15:02:23');
INSERT INTO `events` (`id`, `startdate`, `enddate`, `location`, `description`, `created_at`) VALUES ('1', '2022-08-06', '2022-08-06', 'ici', 'deuxième event', '2022-08-07 15:02:23');
INSERT INTO `events` (`id`, `startdate`, `enddate`, `location`, `description`, `created_at`) VALUES ('2', '2022-08-06', '2022-08-06', 'ici', 'troisième event', '2022-08-07 15:02:23');
INSERT INTO `events` (`id`, `startdate`, `enddate`, `location`, `description`, `created_at`) VALUES ('3', '2022-08-06', '2022-08-06', 'ici', 'quatrième event', '2022-08-07 15:02:23');
INSERT INTO `events` (`id`, `startdate`, `enddate`, `location`, `description`, `created_at`) VALUES ('4', '2022-08-06', '2022-08-06', 'ici', 'cinquième event', '2022-08-07 15:02:23');

INSERT INTO `events_products` (`id`, `event_id`, `product_id`, `stock`, `buyingprice`, `sellingprice`) VALUES ('0', '0', '0', '100', 1.5, 2.5);
INSERT INTO `events_products` (`id`, `event_id`, `product_id`, `stock`, `buyingprice`, `sellingprice`) VALUES ('2', '0', '2', '300', 1.5, 2.5);
INSERT INTO `events_products` (`id`, `event_id`, `product_id`, `stock`, `buyingprice`, `sellingprice`) VALUES ('1', '0', '1', '200', 1.5, 2.5);
INSERT INTO `events_products` (`id`, `event_id`, `product_id`, `stock`, `buyingprice`, `sellingprice`) VALUES ('3', '0', '3', '400', 1.5, 2.5);
INSERT INTO `events_products` (`id`, `event_id`, `product_id`, `stock`, `buyingprice`, `sellingprice`) VALUES ('4', '0', '4', '500', 1.5, 2.5);
INSERT INTO `events_products` (`id`, `event_id`, `product_id`, `stock`, `buyingprice`, `sellingprice`) VALUES ('5', '1', '0', '600', 1.5, 2.5);
INSERT INTO `events_products` (`id`, `event_id`, `product_id`, `stock`, `buyingprice`, `sellingprice`) VALUES ('6', '1', '1', '700', 1.5, 2.5);
INSERT INTO `events_products` (`id`, `event_id`, `product_id`, `stock`, `buyingprice`, `sellingprice`) VALUES ('7', '1', '2', '800', 1.5, 2.5);
INSERT INTO `events_products` (`id`, `event_id`, `product_id`, `stock`, `buyingprice`, `sellingprice`) VALUES ('8', '1', '3', '900', 1.5, 2.5);
INSERT INTO `events_products` (`id`, `event_id`, `product_id`, `stock`, `buyingprice`, `sellingprice`) VALUES ('9', '1', '4', '1000', 1.5, 2.5);
INSERT INTO `events_products` (`id`, `event_id`, `product_id`, `stock`, `buyingprice`, `sellingprice`) VALUES ('10', '2', '0', '100', 1.5, 2.5);
INSERT INTO `events_products` (`id`, `event_id`, `product_id`, `stock`, `buyingprice`, `sellingprice`) VALUES ('11', '2', '1', '200', 1.5, 2.5);
INSERT INTO `events_products` (`id`, `event_id`, `product_id`, `stock`, `buyingprice`, `sellingprice`) VALUES ('12', '2', '2', '300', 1.5, 2.5);
INSERT INTO `events_products` (`id`, `event_id`, `product_id`, `stock`, `buyingprice`, `sellingprice`) VALUES ('13', '2', '3', '400', 1.5, 2.5);
INSERT INTO `events_products` (`id`, `event_id`, `product_id`, `stock`, `buyingprice`, `sellingprice`) VALUES ('14', '2', '4', '500', 1.5, 2.5);
INSERT INTO `events_products` (`id`, `event_id`, `product_id`, `stock`, `buyingprice`, `sellingprice`) VALUES ('15', '3', '0', '600', 1.5, 2.5);
INSERT INTO `events_products` (`id`, `event_id`, `product_id`, `stock`, `buyingprice`, `sellingprice`) VALUES ('16', '3', '1', '700', 1.5, 2.5);
INSERT INTO `events_products` (`id`, `event_id`, `product_id`, `stock`, `buyingprice`, `sellingprice`) VALUES ('17', '3', '2', '800', 1.5, 2.5);
INSERT INTO `events_products` (`id`, `event_id`, `product_id`, `stock`, `buyingprice`, `sellingprice`) VALUES ('18', '3', '3', '900', 1.5, 2.5);
INSERT INTO `events_products` (`id`, `event_id`, `product_id`, `stock`, `buyingprice`, `sellingprice`) VALUES ('19', '3', '4', '100', 1.5, 2.5);
INSERT INTO `events_products` (`id`, `event_id`, `product_id`, `stock`, `buyingprice`, `sellingprice`) VALUES ('20', '4', '0', '200', 1.5, 2.5);
INSERT INTO `events_products` (`id`, `event_id`, `product_id`, `stock`, `buyingprice`, `sellingprice`) VALUES ('21', '4', '1', '300', 1.5, 2.5);
INSERT INTO `events_products` (`id`, `event_id`, `product_id`, `stock`, `buyingprice`, `sellingprice`) VALUES ('22', '4', '2', '400', 1.5, 2.5);
INSERT INTO `events_products` (`id`, `event_id`, `product_id`, `stock`, `buyingprice`, `sellingprice`) VALUES ('23', '4', '3', '500', 1.5, 2.5);
INSERT INTO `events_products` (`id`, `event_id`, `product_id`, `stock`, `buyingprice`, `sellingprice`) VALUES ('24', '4', '4', '600', 1.5, 2.5);

INSERT INTO `users` (`id`, `emailaddress`, `firstname`, `lastname`, `password`) VALUES ('0', 'test@test.lan', 'test', 'test', 'Test123*');
INSERT INTO `users` (`id`, `emailaddress`, `firstname`, `lastname`, `password`) VALUES ('1', 'jean@jean.lan', 'jean', 'jean', 'Test123*');
INSERT INTO `users` (`id`, `emailaddress`, `firstname`, `lastname`, `password`) VALUES ('2', 'louis@louis.lan', 'louis', 'louis', 'Test123*');
INSERT INTO `users` (`id`, `emailaddress`, `firstname`, `lastname`, `password`) VALUES ('3', 'aucun@test.lan', 'aucun', 'test', 'Test123*');
INSERT INTO `users` (`id`, `emailaddress`, `firstname`, `lastname`, `password`) VALUES ('4', 'personne@test.lan', 'personne', 'test', 'Test123*');

INSERT INTO `users_events` (`id`, `user_id`,`event_id`, `role`) VALUES ('0', '0', '0', '0');
INSERT INTO `users_events` (`id`, `user_id`,`event_id`, `role`) VALUES ('1', '0', '1', '0');
INSERT INTO `users_events` (`id`, `user_id`,`event_id`, `role`) VALUES ('2', '0', '2', '0');
INSERT INTO `users_events` (`id`, `user_id`,`event_id`, `role`) VALUES ('3', '0', '3', '1');
INSERT INTO `users_events` (`id`, `user_id`,`event_id`, `role`) VALUES ('4', '0', '4', '2');
INSERT INTO `users_events` (`id`, `user_id`,`event_id`, `role`) VALUES ('5', '1', '0', '2');
INSERT INTO `users_events` (`id`, `user_id`,`event_id`, `role`) VALUES ('6', '1', '1', '0');
INSERT INTO `users_events` (`id`, `user_id`,`event_id`, `role`) VALUES ('7', '1', '2', '0');
INSERT INTO `users_events` (`id`, `user_id`,`event_id`, `role`) VALUES ('8', '1', '3', '0');
INSERT INTO `users_events` (`id`, `user_id`,`event_id`, `role`) VALUES ('9', '1', '4', '1');
INSERT INTO `users_events` (`id`, `user_id`,`event_id`, `role`) VALUES ('10', '0', '0', '1');
INSERT INTO `users_events` (`id`, `user_id`,`event_id`, `role`) VALUES ('11', '0', '1', '2');
INSERT INTO `users_events` (`id`, `user_id`,`event_id`, `role`) VALUES ('12', '0', '2', '0');
INSERT INTO `users_events` (`id`, `user_id`,`event_id`, `role`) VALUES ('13', '0', '3', '0');
INSERT INTO `users_events` (`id`, `user_id`,`event_id`, `role`) VALUES ('14', '0', '4', '0');
INSERT INTO `users_events` (`id`, `user_id`,`event_id`, `role`) VALUES ('15', '0', '0', '0');
INSERT INTO `users_events` (`id`, `user_id`,`event_id`, `role`) VALUES ('16', '0', '1', '1');
INSERT INTO `users_events` (`id`, `user_id`,`event_id`, `role`) VALUES ('17', '0', '2', '2');
INSERT INTO `users_events` (`id`, `user_id`,`event_id`, `role`) VALUES ('18', '0', '3', '0');
INSERT INTO `users_events` (`id`, `user_id`,`event_id`, `role`) VALUES ('19', '0', '4', '0');
INSERT INTO `users_events` (`id`, `user_id`,`event_id`, `role`) VALUES ('20', '0', '0', '0');
INSERT INTO `users_events` (`id`, `user_id`,`event_id`, `role`) VALUES ('21', '0', '1', '0');
INSERT INTO `users_events` (`id`, `user_id`,`event_id`, `role`) VALUES ('22', '0', '2', '1');
INSERT INTO `users_events` (`id`, `user_id`,`event_id`, `role`) VALUES ('23', '0', '3', '2');
INSERT INTO `users_events` (`id`, `user_id`,`event_id`, `role`) VALUES ('24', '0', '4', '0');

INSERT INTO `commands` (`id`, `client_id`, `servedby_id`, `event_id`, `isserved`, `ispaid`, `created_at`) VALUES ('0', '0', '1', '0', '0', '1', '2022-08-07 18:30:00');
INSERT INTO `commands` (`id`, `client_id`, `servedby_id`, `event_id`, `isserved`, `ispaid`, `created_at`) VALUES ('1', '2', '1', '2', '1', '1', '2022-08-07 18:30:00');
INSERT INTO `commands` (`id`, `client_id`, `servedby_id`, `event_id`, `isserved`, `ispaid`, `created_at`) VALUES ('2', '3', '1', '0', '0', '1', '2022-08-07 18:30:00');
INSERT INTO `commands` (`id`, `client_id`, `servedby_id`, `event_id`, `isserved`, `ispaid`, `created_at`) VALUES ('3', '1', '3', '4', '1', '0', '2022-08-07 18:30:00');
INSERT INTO `commands` (`id`, `client_id`, `servedby_id`, `event_id`, `isserved`, `ispaid`, `created_at`) VALUES ('4', '4', '1', '2', '0', '0', '2022-08-07 18:30:00');

INSERT INTO `events_products_commands` (`id`, `command_id`, `event_product_id`, `number`) VALUES ('0', '0', '17', '2');
INSERT INTO `events_products_commands` (`id`, `command_id`, `event_product_id`, `number`) VALUES ('1', '1', '1', '1');
INSERT INTO `events_products_commands` (`id`, `command_id`, `event_product_id`, `number`) VALUES ('2', '2', '6', '15');
INSERT INTO `events_products_commands` (`id`, `command_id`, `event_product_id`, `number`) VALUES ('3', '2', '24', '1');
INSERT INTO `events_products_commands` (`id`, `command_id`, `event_product_id`, `number`) VALUES ('4', '3', '16', '3');
INSERT INTO `events_products_commands` (`id`, `command_id`, `event_product_id`, `number`) VALUES ('5', '4', '15', '2');
INSERT INTO `events_products_commands` (`id`, `command_id`, `event_product_id`, `number`) VALUES ('6', '4', '0', '6');